channel,band,comparison,beta,p,p_fdr,significant
AF3,Delta,ADHD vs TD,0.004092278518671731,0.9775741855692706,0.9999999352048242,False
AF3,Delta,COM vs TD,-0.05379172986781826,0.7035974098900679,0.9999999352048242,False
AF3,Theta,ADHD vs TD,0.03906492775995617,0.7885652004105578,0.9999999352048242,False
AF3,Theta,COM vs TD,0.010916752883387244,0.9384874677061631,0.9999999352048242,False
AF3,Alpha,ADHD vs TD,-0.017180385396997327,0.921378833563158,0.9999999352048242,False
AF3,Alpha,COM vs TD,-0.04723975745255924,0.7798890872188844,0.9999999352048242,False
AF3,Beta,ADHD vs TD,-0.024735930848311057,0.8462257653922695,0.9999999352048242,False
AF3,Beta,COM vs TD,-0.04872412253966207,0.6940333892646857,0.9999999352048242,False
AF3,Gamma,ADHD vs TD,0.0673665902025219,0.5768150590289203,0.9999999352048242,False
AF3,Gamma,COM vs TD,-0.03937434053280346,0.7370125789096948,0.9999999352048242,False
AF4,Delta,ADHD vs TD,0.05510298504364149,0.7765864385417447,0.9999999352048242,False
AF4,Delta,COM vs TD,-0.038984498203577626,0.8362209726543309,0.9999999352048242,False
AF4,Theta,ADHD vs TD,0.043784801351648035,0.7517483864436566,0.9999999352048242,False
AF4,Theta,COM vs TD,-0.038703795983673725,0.7733895286297883,0.9999999352048242,False
AF4,Alpha,ADHD vs TD,-0.07154361718620832,0.62838711916089,0.9999999352048242,False
AF4,Alpha,COM vs TD,-0.07777983207782974,0.5879185342244182,0.9999999352048242,False
AF4,Beta,ADHD vs TD,-0.09232829978800183,0.5490442765679513,0.9999999352048242,False
AF4,Beta,COM vs TD,-0.17618982920747547,0.23900337075590494,0.9999999352048242,False
AF4,Gamma,ADHD vs TD,-0.05792690405287956,0.7395692225598614,0.9999999352048242,False
AF4,Gamma,COM vs TD,-0.21460784228415278,0.20475617026611292,0.9999999352048242,False
AF7,Delta,ADHD vs TD,0.10576750806834274,0.514116070991594,0.9999999352048242,False
AF7,Delta,COM vs TD,0.030007419222467278,0.8488339559400022,0.9999999352048242,False
AF7,Theta,ADHD vs TD,0.09717506855647591,0.49679954032475526,0.9999999352048242,False
AF7,Theta,COM vs TD,0.024774063522571204,0.8584111037109687,0.9999999352048242,False
AF7,Alpha,ADHD vs TD,0.021674312478585228,0.8996623316025947,0.9999999352048242,False
AF7,Alpha,COM vs TD,-0.04601151646759639,0.7828242615193676,0.9999999352048242,False
AF7,Beta,ADHD vs TD,0.06589912069392734,0.6417043595541703,0.9999999352048242,False
AF7,Beta,COM vs TD,-0.013587050161070823,0.9212995686135936,0.9999999352048242,False
AF7,Gamma,ADHD vs TD,0.15148070207416697,0.2835781654064006,0.9999999352048242,False
AF7,Gamma,COM vs TD,-0.02685139706677227,0.8448362664144113,0.9999999352048242,False
AFz,Delta,ADHD vs TD,0.13133704092934534,0.3373722918055807,0.9999999352048242,False
AFz,Delta,COM vs TD,-0.025814032369004678,0.8460541764138132,0.9999999352048242,False
AFz,Theta,ADHD vs TD,0.1972551825657411,0.12513595521622448,0.9999999352048242,False
AFz,Theta,COM vs TD,0.051203977974642025,0.681863238151441,0.9999999352048242,False
AFz,Alpha,ADHD vs TD,0.08241212006964214,0.5930654468671599,0.9999999352048242,False
AFz,Alpha,COM vs TD,-0.024399515586113852,0.8705765955524157,0.9999999352048242,False
AFz,Beta,ADHD vs TD,0.11566798918839584,0.3609424916738816,0.9999999352048242,False
AFz,Beta,COM vs TD,-0.025300990993531797,0.8369578734201485,0.9999999352048242,False
AFz,Gamma,ADHD vs TD,0.18075548342753583,0.07761675365153088,0.9999999352048242,False
AFz,Gamma,COM vs TD,-0.015065402697247477,0.8796372092132414,0.9999999352048242,False
C1,Delta,ADHD vs TD,-1.3964551172098318,0.9999990798654371,0.9999999352048242,False
C1,Delta,COM vs TD,-1.6357239001582151,0.9999988730300551,0.9999999352048242,False
C1,Theta,ADHD vs TD,0.052990049885851875,0.6550218420043219,0.9999999352048242,False
C1,Theta,COM vs TD,-0.0018397401944850026,0.9872554481953361,0.9999999352048242,False
C1,Alpha,ADHD vs TD,-0.01211056572573223,0.936805352947346,0.9999999352048242,False
C1,Alpha,COM vs TD,0.007703965829231878,0.9585782775039827,0.9999999352048242,False
C1,Beta,ADHD vs TD,0.09630793913249301,0.4283922090031589,0.9999999352048242,False
C1,Beta,COM vs TD,0.0816947471787558,0.4890747296226702,0.9999999352048242,False
C1,Gamma,ADHD vs TD,0.20066535543703473,0.1292834111034569,0.9999999352048242,False
C1,Gamma,COM vs TD,0.029277595615462806,0.8197385885635163,0.9999999352048242,False
C2,Delta,ADHD vs TD,0.5196112064036607,0.9999997023131728,0.9999999352048242,False
C2,Delta,COM vs TD,-3.601388528112971,0.9999978426080325,0.9999999352048242,False
C2,Theta,ADHD vs TD,0.07721291718196495,0.47769617190420344,0.9999999352048242,False
C2,Theta,COM vs TD,-0.014932120874423064,0.8875678038454674,0.9999999352048242,False
C2,Alpha,ADHD vs TD,-0.07469915261795267,0.6157163585523191,0.9999999352048242,False
C2,Alpha,COM vs TD,-0.03746337343521313,0.7954670772045273,0.9999999352048242,False
C2,Beta,ADHD vs TD,0.007107041454885945,0.9492125295166506,0.9999999352048242,False
C2,Beta,COM vs TD,0.03306704070816461,0.7602307027737698,0.9999999352048242,False
C2,Gamma,ADHD vs TD,0.07216825967316304,0.6062057906880269,0.9999999352048242,False
C2,Gamma,COM vs TD,-0.0408686727707526,0.7637308836340986,0.9999999352048242,False
C3,Delta,ADHD vs TD,0.05492191913067186,0.6982659673283329,0.9999999352048242,False
C3,Delta,COM vs TD,0.015901552851223855,0.9079979201253429,0.9999999352048242,False
C3,Theta,ADHD vs TD,0.06653897833027296,0.5874790580618552,0.9999999352048242,False
C3,Theta,COM vs TD,0.0763473481512278,0.5215389267060996,0.9999999352048242,False
C3,Alpha,ADHD vs TD,-0.0027025954107651167,0.9832311861526322,0.9999999352048242,False
C3,Alpha,COM vs TD,0.023388950682977413,0.8514204154091276,0.9999999352048242,False
C3,Beta,ADHD vs TD,0.13392921523512105,0.4611780450635712,0.9999999352048242,False
C3,Beta,COM vs TD,0.05751485049070853,0.7445098994668351,0.9999999352048242,False
C3,Gamma,ADHD vs TD,0.17517093712538706,0.44550302308672174,0.9999999352048242,False
C3,Gamma,COM vs TD,-0.03423085479605256,0.8779844058107918,0.9999999352048242,False
C4,Delta,ADHD vs TD,-0.032041373689273435,0.8143102209989551,0.9999999352048242,False
C4,Delta,COM vs TD,-0.019685162517081384,0.8818904768935097,0.9999999352048242,False
C4,Theta,ADHD vs TD,0.06647337548907968,0.6555358496750374,0.9999999352048242,False
C4,Theta,COM vs TD,0.04588731529290755,0.7511637207627084,0.9999999352048242,False
C4,Alpha,ADHD vs TD,-0.04556033015480694,0.7714589393931126,0.9999999352048242,False
C4,Alpha,COM vs TD,0.02704242407303419,0.8590866484833282,0.9999999352048242,False
C4,Beta,ADHD vs TD,-0.06529240072847872,0.5623086870938299,0.9999999352048242,False
C4,Beta,COM vs TD,-0.047407584831999174,0.6648446831646136,0.9999999352048242,False
C4,Gamma,ADHD vs TD,-0.03879983742991454,0.6919418333691197,0.9999999352048242,False
C4,Gamma,COM vs TD,-0.15158327646769934,0.11098081505179046,0.9999999352048242,False
C5,Delta,ADHD vs TD,0.05453121839430314,0.6773965142131569,0.9999999352048242,False
C5,Delta,COM vs TD,0.041243525020109036,0.7459614455298265,0.9999999352048242,False
C5,Theta,ADHD vs TD,0.13470061315423557,0.3052604376881579,0.9999999352048242,False
C5,Theta,COM vs TD,0.11589391673048453,0.3636996559823683,0.9999999352048242,False
C5,Alpha,ADHD vs TD,0.08465947081022171,0.5173930424879538,0.9999999352048242,False
C5,Alpha,COM vs TD,0.08757811423456542,0.4904386325672432,0.9999999352048242,False
C5,Beta,ADHD vs TD,0.14751155993676374,0.2757574221694705,0.9999999352048242,False
C5,Beta,COM vs TD,0.10188708649203537,0.4382080438657938,0.9999999352048242,False
C5,Gamma,ADHD vs TD,0.21571254139337745,0.15101767275389352,0.9999999352048242,False
C5,Gamma,COM vs TD,-0.006155388136440748,0.9663471789953211,0.9999999352048242,False
C6,Delta,ADHD vs TD,0.041572900155226945,0.7494048021707993,0.9999999352048242,False
C6,Delta,COM vs TD,-0.023392875196673893,0.8531855653738868,0.9999999352048242,False
C6,Theta,ADHD vs TD,0.07405707137309853,0.5368434278200032,0.9999999352048242,False
C6,Theta,COM vs TD,0.014411579333602207,0.9015137231982054,0.9999999352048242,False
C6,Alpha,ADHD vs TD,-0.04872312433189522,0.7415517041301654,0.9999999352048242,False
C6,Alpha,COM vs TD,-0.01311789638114019,0.9271486764201099,0.9999999352048242,False
C6,Beta,ADHD vs TD,0.0003656878170859141,0.9968503393757047,0.9999999352048242,False
C6,Beta,COM vs TD,-0.023165892918239325,0.7967955587462405,0.9999999352048242,False
C6,Gamma,ADHD vs TD,0.10833114923066983,0.32225734083900337,0.9999999352048242,False
C6,Gamma,COM vs TD,-0.12264501322664867,0.24859137978665757,0.9999999352048242,False
CP1,Delta,ADHD vs TD,-0.053847690118541534,0.6920535387842814,0.9999999352048242,False
CP1,Delta,COM vs TD,0.022160566890435038,0.8667148430003808,0.9999999352048242,False
CP1,Theta,ADHD vs TD,0.0006690579726784833,0.9961364884292873,0.9999999352048242,False
CP1,Theta,COM vs TD,0.04598377015946818,0.7318242682714629,0.9999999352048242,False
CP1,Alpha,ADHD vs TD,-0.098041292402509,0.5728835765387295,0.9999999352048242,False
CP1,Alpha,COM vs TD,0.02393326053336905,0.8872934187834597,0.9999999352048242,False
CP1,Beta,ADHD vs TD,-0.10989368418486897,0.38098744291337794,0.9999999352048242,False
CP1,Beta,COM vs TD,0.016295245179155062,0.8935784463949411,0.9999999352048242,False
CP1,Gamma,ADHD vs TD,-1.9096626643796464,0.9999984354619447,0.9999999352048242,False
CP1,Gamma,COM vs TD,-0.6901079179162632,0.9999994088135706,0.9999999352048242,False
CP2,Delta,ADHD vs TD,1.6530588907947426,0.999998947988353,0.9999999352048242,False
CP2,Delta,COM vs TD,0.4345053958958145,0.9999997108618696,0.9999999352048242,False
CP2,Theta,ADHD vs TD,0.041238746942898995,0.6790433869468167,0.9999999352048242,False
CP2,Theta,COM vs TD,-0.024694210821535115,0.7986289071740077,0.9999999352048242,False
CP2,Alpha,ADHD vs TD,0.010251426135954736,0.9468540128502719,0.9999999352048242,False
CP2,Alpha,COM vs TD,-0.03877054791307873,0.7951778267981526,0.9999999352048242,False
CP2,Beta,ADHD vs TD,-0.056363632779073636,0.5509406544328004,0.9999999352048242,False
CP2,Beta,COM vs TD,-0.0911212305976948,0.3208193660422194,0.9999999352048242,False
CP2,Gamma,ADHD vs TD,0.08882260261497794,0.41228417272030504,0.9999999352048242,False
CP2,Gamma,COM vs TD,-0.140026398923362,0.18326705878963057,0.9999999352048242,False
CP3,Delta,ADHD vs TD,-0.010162629918987228,0.942051164919428,0.9999999352048242,False
CP3,Delta,COM vs TD,0.005213276967531216,0.9693729134597528,0.9999999352048242,False
CP3,Theta,ADHD vs TD,0.054593199079827494,0.6726498281988433,0.9999999352048242,False
CP3,Theta,COM vs TD,0.007815900744894123,0.950332792887543,0.9999999352048242,False
CP3,Alpha,ADHD vs TD,-0.023874056818855446,0.8843581800583973,0.9999999352048242,False
CP3,Alpha,COM vs TD,-0.02450531143426716,0.877819822587136,0.9999999352048242,False
CP3,Beta,ADHD vs TD,-0.05576938596373427,0.6375033953381766,0.9999999352048242,False
CP3,Beta,COM vs TD,0.01333592842617629,0.9076280121834198,0.9999999352048242,False
CP3,Gamma,ADHD vs TD,0.05184486352312267,0.6138939413738962,0.9999999352048242,False
CP3,Gamma,COM vs TD,-0.04182255054327908,0.6751755564020349,0.9999999352048242,False
CP4,Delta,ADHD vs TD,-2.159405374499712,0.9999987085925869,0.9999999352048242,False
CP4,Delta,COM vs TD,-0.5425964845994589,0.9999996606998552,0.9999999352048242,False
CP4,Theta,ADHD vs TD,0.0658913114796166,0.5437827898156684,0.9999999352048242,False
CP4,Theta,COM vs TD,0.050726511657458326,0.6303217642288725,0.9999999352048242,False
CP4,Alpha,ADHD vs TD,0.0267366569499874,0.8429809991059544,0.9999999352048242,False
CP4,Alpha,COM vs TD,0.02289862060359784,0.8613228820642718,0.9999999352048242,False
CP4,Beta,ADHD vs TD,0.0019383512087825395,0.9853950783311944,0.9999999352048242,False
CP4,Beta,COM vs TD,-0.012359530207702724,0.9043271334971814,0.9999999352048242,False
CP4,Gamma,ADHD vs TD,0.0938802034496468,0.5014181509383409,0.9999999352048242,False
CP4,Gamma,COM vs TD,-0.06156213244818633,0.6498828682649507,0.9999999352048242,False
CP5,Delta,ADHD vs TD,0.08352287443500839,0.5657675761173737,0.9999999352048242,False
CP5,Delta,COM vs TD,0.09127253741565622,0.5181524831996337,0.9999999352048242,False
CP5,Theta,ADHD vs TD,0.10602802325787172,0.3924550518047387,0.9999999352048242,False
CP5,Theta,COM vs TD,0.12719389892962416,0.2907794240065472,0.9999999352048242,False
CP5,Alpha,ADHD vs TD,0.02749156193225828,0.867117238535422,0.9999999352048242,False
CP5,Alpha,COM vs TD,0.1212246971314961,0.44739663711610234,0.9999999352048242,False
CP5,Beta,ADHD vs TD,0.000395453311778161,0.997243777560503,0.9999999352048242,False
CP5,Beta,COM vs TD,0.0406736200609481,0.7144540881026221,0.9999999352048242,False
CP5,Gamma,ADHD vs TD,0.047305316883436054,0.6401826344317278,0.9999999352048242,False
CP5,Gamma,COM vs TD,-0.035612352971182704,0.7171064677381571,0.9999999352048242,False
CP6,Delta,ADHD vs TD,-1.664493996569469,0.9999990465389091,0.9999999352048242,False
CP6,Delta,COM vs TD,4.171346258294567,0.9999975015253032,0.9999999352048242,False
CP6,Theta,ADHD vs TD,0.09898707829118297,0.3271659590522765,0.9999999352048242,False
CP6,Theta,COM vs TD,0.09226779975235973,0.3469802316422782,0.9999999352048242,False
CP6,Alpha,ADHD vs TD,0.009863748585136565,0.9343549038349973,0.9999999352048242,False
CP6,Alpha,COM vs TD,0.03926603704002783,0.7356372054775395,0.9999999352048242,False
CP6,Beta,ADHD vs TD,0.08567698552330266,0.5279271979199058,0.9999999352048242,False
CP6,Beta,COM vs TD,0.09742601575356374,0.4598555761158366,0.9999999352048242,False
CP6,Gamma,ADHD vs TD,0.16324632034339975,0.39991906946018907,0.9999999352048242,False
CP6,Gamma,COM vs TD,0.1185363389155593,0.5290899448423576,0.9999999352048242,False
CPz,Delta,ADHD vs TD,0.5703830760434552,0.9999996391865209,0.9999999352048242,False
CPz,Delta,COM vs TD,-2.4629843908659406,0.9999983708699521,0.9999999352048242,False
CPz,Theta,ADHD vs TD,0.013007633965438711,0.8980280031909158,0.9999999352048242,False
CPz,Theta,COM vs TD,-0.021676596912215483,0.8259471748865611,0.9999999352048242,False
CPz,Alpha,ADHD vs TD,-0.03559523464444926,0.8285741577514389,0.9999999352048242,False
CPz,Alpha,COM vs TD,-0.050566828174659094,0.751433528436454,0.9999999352048242,False
CPz,Beta,ADHD vs TD,-0.06463462775796107,0.5019863629865979,0.9999999352048242,False
CPz,Beta,COM vs TD,-0.057022957057637304,0.5419101343446154,0.9999999352048242,False
CPz,Gamma,ADHD vs TD,2.6314465408805,0.9999980388345253,0.9999999352048242,False
CPz,Gamma,COM vs TD,3.9467573460536345,0.9999969243416916,0.9999999352048242,False
Cz,Delta,ADHD vs TD,0.21657261617348805,0.08359481511299183,0.9999999352048242,False
Cz,Delta,COM vs TD,0.03894195412848371,0.7557266310252163,0.9999999352048242,False
Cz,Theta,ADHD vs TD,0.2038470143247759,0.13354549598950552,0.9999999352048242,False
Cz,Theta,COM vs TD,0.0012143042335069378,0.9928695809424039,0.9999999352048242,False
Cz,Alpha,ADHD vs TD,-0.02796141667417963,0.8674345799116165,0.9999999352048242,False
Cz,Alpha,COM vs TD,-0.06858021377825552,0.6822547437863509,0.9999999352048242,False
Cz,Beta,ADHD vs TD,-0.04555569076503607,0.6906824446171914,0.9999999352048242,False
Cz,Beta,COM vs TD,-0.11515519859295711,0.31448120146981595,0.9999999352048242,False
Cz,Gamma,ADHD vs TD,0.12181608914199138,0.32461321215292294,0.9999999352048242,False
Cz,Gamma,COM vs TD,-0.15293582322354937,0.2162297859811404,0.9999999352048242,False
F1,Delta,ADHD vs TD,0.18762507135898213,0.21642439002200686,0.9999999352048242,False
F1,Delta,COM vs TD,0.08292000841306582,0.5737780826797522,0.9999999352048242,False
F1,Theta,ADHD vs TD,0.13215072289920443,0.3028368053143937,0.9999999352048242,False
F1,Theta,COM vs TD,0.003545432081685853,0.9772906231773524,0.9999999352048242,False
F1,Alpha,ADHD vs TD,0.03326710323024473,0.8229836394645402,0.9999999352048242,False
F1,Alpha,COM vs TD,-0.009566772162789923,0.9471802614178138,0.9999999352048242,False
F1,Beta,ADHD vs TD,0.12681217301585263,0.4188587081909746,0.9999999352048242,False
F1,Beta,COM vs TD,0.011413153809178268,0.9402747859957549,0.9999999352048242,False
F1,Gamma,ADHD vs TD,0.18150421499399313,0.22427011082979809,0.9999999352048242,False
F1,Gamma,COM vs TD,-0.020857138189587156,0.8856674522477938,0.9999999352048242,False
F2,Delta,ADHD vs TD,0.14953881828472287,0.36065223833488946,0.9999999352048242,False
F2,Delta,COM vs TD,0.03287762703171049,0.8360495238573118,0.9999999352048242,False
F2,Theta,ADHD vs TD,0.11531654417444351,0.39946024395573054,0.9999999352048242,False
F2,Theta,COM vs TD,0.01984228816061983,0.8813210616886663,0.9999999352048242,False
F2,Alpha,ADHD vs TD,0.01870817529008757,0.9051774746192346,0.9999999352048242,False
F2,Alpha,COM vs TD,-0.0310104446028157,0.8388709594160062,0.9999999352048242,False
F2,Beta,ADHD vs TD,0.01980831349045159,0.888240572722085,0.9999999352048242,False
F2,Beta,COM vs TD,-0.06827850240245059,0.6179027802939607,0.9999999352048242,False
F2,Gamma,ADHD vs TD,0.07614559199754539,0.6158858772065654,0.9999999352048242,False
F2,Gamma,COM vs TD,-0.1409607825815119,0.3389465918724537,0.9999999352048242,False
F3,Delta,ADHD vs TD,0.16008697827748167,0.23381178715555417,0.9999999352048242,False
F3,Delta,COM vs TD,0.06776661094717729,0.6038101405725218,0.9999999352048242,False
F3,Theta,ADHD vs TD,0.12939617816393134,0.2836655951337672,0.9999999352048242,False
F3,Theta,COM vs TD,0.02090170623668704,0.8584646820452344,0.9999999352048242,False
F3,Alpha,ADHD vs TD,0.014289469297535325,0.9251036299910044,0.9999999352048242,False
F3,Alpha,COM vs TD,-0.03847206927995874,0.7943769508267209,0.9999999352048242,False
F3,Beta,ADHD vs TD,0.03942934288115292,0.7719842378988016,0.9999999352048242,False
F3,Beta,COM vs TD,-0.017648123236145834,0.8937455897237996,0.9999999352048242,False
F3,Gamma,ADHD vs TD,-1.980102915951972,0.999998684159565,0.9999999352048242,False
F3,Gamma,COM vs TD,-1.8145323163388198,0.9999987391653256,0.9999999352048242,False
F4,Delta,ADHD vs TD,0.10390217162432033,0.6095582739030448,0.9999999352048242,False
F4,Delta,COM vs TD,-0.012067169908019744,0.9512974404596837,0.9999999352048242,False
F4,Theta,ADHD vs TD,0.07761248041358045,0.606633912549954,0.9999999352048242,False
F4,Theta,COM vs TD,-0.008739848593011754,0.9523899439181897,0.9999999352048242,False
F4,Alpha,ADHD vs TD,-0.00236822727284532,0.9886552690701567,0.9999999352048242,False
F4,Alpha,COM vs TD,-0.07236919354391284,0.654547661579264,0.9999999352048242,False
F4,Beta,ADHD vs TD,0.014040988105980694,0.9301202442509641,0.9999999352048242,False
F4,Beta,COM vs TD,-0.12786477369169508,0.41087496681785984,0.9999999352048242,False
F4,Gamma,ADHD vs TD,0.09890897433703168,0.5932778234080852,0.9999999352048242,False
F4,Gamma,COM vs TD,-0.1442892971362116,0.4224027107471332,0.9999999352048242,False
F5,Delta,ADHD vs TD,-0.12349914236706797,0.9999999352048242,0.9999999352048242,False
F5,Delta,COM vs TD,0.4836233971709915,0.9999997346836546,0.9999999352048242,False
F5,Theta,ADHD vs TD,0.08566831396977861,0.46373809392972487,0.9999999352048242,False
F5,Theta,COM vs TD,0.09054365985742417,0.4252130916296112,0.9999999352048242,False
F5,Alpha,ADHD vs TD,0.01351150204506813,0.9145870620901554,0.9999999352048242,False
F5,Alpha,COM vs TD,0.049565836452064735,0.6853665582060237,0.9999999352048242,False
F5,Beta,ADHD vs TD,0.15698795645340777,0.26566000182622895,0.9999999352048242,False
F5,Beta,COM vs TD,0.12660918198671597,0.3552602258892148,0.9999999352048242,False
F5,Gamma,ADHD vs TD,0.2403118517408922,0.16574152229428152,0.9999999352048242,False
F5,Gamma,COM vs TD,0.09204867065564347,0.5846114330905383,0.9999999352048242,False
F6,Delta,ADHD vs TD,0.20621996178655477,0.1435788537899075,0.9999999352048242,False
F6,Delta,COM vs TD,0.0193888060349077,0.8874020134223211,0.9999999352048242,False
F6,Theta,ADHD vs TD,0.15652759850882433,0.23155005094827819,0.9999999352048242,False
F6,Theta,COM vs TD,0.00833430626665868,0.9476992741208065,0.9999999352048242,False
F6,Alpha,ADHD vs TD,0.04902877810140816,0.7418656567499361,0.9999999352048242,False
F6,Alpha,COM vs TD,-0.04651130216088992,0.7476269893906644,0.9999999352048242,False
F6,Beta,ADHD vs TD,-0.00725222318814023,0.9512773709820683,0.9999999352048242,False
F6,Beta,COM vs TD,-0.0699639960495568,0.5438255316852421,0.9999999352048242,False
F6,Gamma,ADHD vs TD,0.25523156089193755,0.9999998145751394,0.9999999352048242,False
F6,Gamma,COM vs TD,1.43355294747365,0.9999989110064816,0.9999999352048242,False
F7,Delta,ADHD vs TD,0.1720516007654564,0.25832597287231795,0.9999999352048242,False
F7,Delta,COM vs TD,0.13576513664853843,0.3584091127824778,0.9999999352048242,False
F7,Theta,ADHD vs TD,0.10635155515561197,0.37254335420531637,0.9999999352048242,False
F7,Theta,COM vs TD,0.028399937518776112,0.8063012132112527,0.9999999352048242,False
F7,Alpha,ADHD vs TD,0.011599470514385937,0.9281473145190993,0.9999999352048242,False
F7,Alpha,COM vs TD,-0.013249615382946832,0.9155284372435744,0.9999999352048242,False
F7,Beta,ADHD vs TD,0.0905408897114746,0.5459353117077959,0.9999999352048242,False
F7,Beta,COM vs TD,0.004351619386421509,0.9761570171029688,0.9999999352048242,False
F7,Gamma,ADHD vs TD,0.08234910616366911,0.5880899815754065,0.9999999352048242,False
F7,Gamma,COM vs TD,-0.04459308850322432,0.7626693462444133,0.9999999352048242,False
F8,Delta,ADHD vs TD,0.190527289868575,0.19557893791812198,0.9999999352048242,False
F8,Delta,COM vs TD,0.04345507744198354,0.7611718648477679,0.9999999352048242,False
F8,Theta,ADHD vs TD,0.13500148987109628,0.2537162270132566,0.9999999352048242,False
F8,Theta,COM vs TD,-0.02365439945134382,0.8368446478846563,0.9999999352048242,False
F8,Alpha,ADHD vs TD,0.028907664187332312,0.8395149485060635,0.9999999352048242,False
F8,Alpha,COM vs TD,-0.06051413268835103,0.662438634867754,0.9999999352048242,False
F8,Beta,ADHD vs TD,0.03566724688843845,0.7698788922231794,0.9999999352048242,False
F8,Beta,COM vs TD,-0.07431992517879227,0.5301989771012798,0.9999999352048242,False
F8,Gamma,ADHD vs TD,0.0951417219146627,0.47339720523261064,0.9999999352048242,False
F8,Gamma,COM vs TD,-0.12484336652906966,0.33270931070974075,0.9999999352048242,False
F9,Delta,ADHD vs TD,0.014136975392126216,0.92111294110215,0.9999999352048242,False
F9,Delta,COM vs TD,-0.032963658908019264,0.8120645590575443,0.9999999352048242,False
F9,Theta,ADHD vs TD,0.007114415382609131,0.9537968840443077,0.9999999352048242,False
F9,Theta,COM vs TD,-0.057387758932147336,0.6303282849308717,0.9999999352048242,False
F9,Alpha,ADHD vs TD,-0.04408493882953942,0.7558411269286135,0.9999999352048242,False
F9,Alpha,COM vs TD,-0.04492796893977119,0.7441802462280664,0.9999999352048242,False
F9,Beta,ADHD vs TD,0.05220511120608836,0.6934829563146778,0.9999999352048242,False
F9,Beta,COM vs TD,0.008152182630771115,0.9494652115437479,0.9999999352048242,False
F9,Gamma,ADHD vs TD,0.16062970014961622,0.283896556858116,0.9999999352048242,False
F9,Gamma,COM vs TD,-0.0019016067475369136,0.989578240541273,0.9999999352048242,False
FC1,Delta,ADHD vs TD,-2.226186392224128,0.9999985501947393,0.9999999352048242,False
FC1,Delta,COM vs TD,-2.395761998095103,0.9999983685649391,0.9999999352048242,False
FC1,Theta,ADHD vs TD,0.14459495261622207,0.2411578900557998,0.9999999352048242,False
FC1,Theta,COM vs TD,0.07414000906691093,0.5359998709697948,0.9999999352048242,False
FC1,Alpha,ADHD vs TD,0.05019754999764749,0.7529298512382744,0.9999999352048242,False
FC1,Alpha,COM vs TD,0.09389727320223296,0.5442968105854871,0.9999999352048242,False
FC1,Beta,ADHD vs TD,0.08395089279283013,0.4974032314102934,0.9999999352048242,False
FC1,Beta,COM vs TD,0.07975477370897088,0.5067682828871202,0.9999999352048242,False
FC1,Gamma,ADHD vs TD,0.13996260719833883,0.18906084506967646,0.9999999352048242,False
FC1,Gamma,COM vs TD,-0.005446673199578082,0.9580309834322227,0.9999999352048242,False
FC2,Delta,ADHD vs TD,0.09699225380853024,0.5077730610735702,0.9999999352048242,False
FC2,Delta,COM vs TD,0.10449507505678979,0.462536743842631,0.9999999352048242,False
FC2,Theta,ADHD vs TD,0.06613697219813494,0.46628425562580034,0.9999999352048242,False
FC2,Theta,COM vs TD,0.03112789101628149,0.7240400380849767,0.9999999352048242,False
FC2,Alpha,ADHD vs TD,-0.0469997834239792,0.7192247335300573,0.9999999352048242,False
FC2,Alpha,COM vs TD,0.0023244633941444286,0.9853929568326454,0.9999999352048242,False
FC2,Beta,ADHD vs TD,0.030373429532369763,0.7581751649553427,0.9999999352048242,False
FC2,Beta,COM vs TD,0.04440504194497825,0.6430156109358582,0.9999999352048242,False
FC2,Gamma,ADHD vs TD,0.047986717480004736,0.7520441511332253,0.9999999352048242,False
FC2,Gamma,COM vs TD,-0.017582626103405264,0.9051160655075108,0.9999999352048242,False
FC3,Delta,ADHD vs TD,0.04500791250591598,0.7047321850030508,0.9999999352048242,False
FC3,Delta,COM vs TD,0.010132456774646833,0.9300097056536458,0.9999999352048242,False
FC3,Theta,ADHD vs TD,0.10537333386920779,0.4413979557319959,0.9999999352048242,False
FC3,Theta,COM vs TD,0.09953299344070557,0.45396928014187365,0.9999999352048242,False
FC3,Alpha,ADHD vs TD,-0.022168638459258306,0.8915131788177353,0.9999999352048242,False
FC3,Alpha,COM vs TD,0.046994012303768554,0.76590772956897,0.9999999352048242,False
FC3,Beta,ADHD vs TD,0.0055275191581761725,0.9561666429603308,0.9999999352048242,False
FC3,Beta,COM vs TD,0.006584202269296934,0.9462451355472401,0.9999999352048242,False
FC3,Gamma,ADHD vs TD,0.03728515931770743,0.6363957026838973,0.9999999352048242,False
FC3,Gamma,COM vs TD,-0.06111775571269185,0.4249620253616576,0.9999999352048242,False
FC4,Delta,ADHD vs TD,0.04382064005675618,0.7732895385684686,0.9999999352048242,False
FC4,Delta,COM vs TD,0.03522912209485186,0.8115326764250336,0.9999999352048242,False
FC4,Theta,ADHD vs TD,0.08559000472382222,0.42140098405947235,0.9999999352048242,False
FC4,Theta,COM vs TD,0.08688754053935005,0.4006714518365232,0.9999999352048242,False
FC4,Alpha,ADHD vs TD,-0.017519474870546874,0.8872423804987015,0.9999999352048242,False
FC4,Alpha,COM vs TD,0.03548366811955364,0.7674391668562782,0.9999999352048242,False
FC4,Beta,ADHD vs TD,0.014370232625005086,0.9162141162164847,0.9999999352048242,False
FC4,Beta,COM vs TD,0.004818859403837241,0.9710197883847539,0.9999999352048242,False
FC4,Gamma,ADHD vs TD,-0.010134436791295826,0.9554038646859617,0.9999999352048242,False
FC4,Gamma,COM vs TD,-0.08234354822319012,0.6398660984714757,0.9999999352048242,False
FC5,Delta,ADHD vs TD,0.09812552549641372,0.4103161491955498,0.9999999352048242,False
FC5,Delta,COM vs TD,-0.025014767612563986,0.8289074749203801,0.9999999352048242,False
FC5,Theta,ADHD vs TD,0.16072016321274016,0.218984623681441,0.9999999352048242,False
FC5,Theta,COM vs TD,0.10072612926556909,0.42760782577658696,0.9999999352048242,False
FC5,Alpha,ADHD vs TD,0.00708100339167679,0.9618858112341995,0.9999999352048242,False
FC5,Alpha,COM vs TD,0.014905763972509985,0.917497688486697,0.9999999352048242,False
FC5,Beta,ADHD vs TD,-0.01261619059324133,0.9143186035178439,0.9999999352048242,False
FC5,Beta,COM vs TD,-0.0247296117521418,0.8280674917763634,0.9999999352048242,False
FC5,Gamma,ADHD vs TD,0.005404267269824256,0.9523555265274222,0.9999999352048242,False
FC5,Gamma,COM vs TD,-0.0678113553950662,0.4401881312529945,0.9999999352048242,False
FC6,Delta,ADHD vs TD,0.14382275947557505,0.379470427385754,0.9999999352048242,False
FC6,Delta,COM vs TD,0.0694447591871729,0.662153297707901,0.9999999352048242,False
FC6,Theta,ADHD vs TD,0.08404137183182031,0.4947413673917539,0.9999999352048242,False
FC6,Theta,COM vs TD,-0.0013197918106772981,0.9911904611920825,0.9999999352048242,False
FC6,Alpha,ADHD vs TD,-0.0417325219330835,0.7434440773184993,0.9999999352048242,False
FC6,Alpha,COM vs TD,-0.028646161579526336,0.8170463160767849,0.9999999352048242,False
FC6,Beta,ADHD vs TD,0.007743595482601463,0.9511781062473426,0.9999999352048242,False
FC6,Beta,COM vs TD,5.075559203713302e-05,0.9996702654252697,0.9999999352048242,False
FC6,Gamma,ADHD vs TD,0.025258856122906657,0.8719090275910755,0.9999999352048242,False
FC6,Gamma,COM vs TD,-0.005836646300834242,0.9693988520334239,0.9999999352048242,False
FCz,Delta,ADHD vs TD,0.06568133268136993,0.6435759383437823,0.9999999352048242,False
FCz,Delta,COM vs TD,0.08503602633017322,0.5373415194024014,0.9999999352048242,False
FCz,Theta,ADHD vs TD,0.10578815581806691,0.4356778790606535,0.9999999352048242,False
FCz,Theta,COM vs TD,0.06856433975317866,0.6028814137355083,0.9999999352048242,False
FCz,Alpha,ADHD vs TD,0.009410637717982551,0.9579920692003825,0.9999999352048242,False
FCz,Alpha,COM vs TD,0.0010035608660781702,0.9953848714974894,0.9999999352048242,False
FCz,Beta,ADHD vs TD,0.012867259591745303,0.903739116495009,0.9999999352048242,False
FCz,Beta,COM vs TD,0.030423067825266673,0.7684044931553684,0.9999999352048242,False
FCz,Gamma,ADHD vs TD,-0.24288164665523482,0.9999998041785169,0.9999999352048242,False
FCz,Gamma,COM vs TD,0.18516856762777145,0.9999998438971341,0.9999999352048242,False
FT7,Delta,ADHD vs TD,1.1801029159519727,0.999999225161054,0.9999999352048242,False
FT7,Delta,COM vs TD,-1.8099983469903425,0.999998757353192,0.9999999352048242,False
FT7,Theta,ADHD vs TD,0.06892259537646396,0.5473515133995226,0.9999999352048242,False
FT7,Theta,COM vs TD,-0.0019153020300881778,0.9862619246510989,0.9999999352048242,False
FT7,Alpha,ADHD vs TD,-0.01900539232547308,0.8954039503400102,0.9999999352048242,False
FT7,Alpha,COM vs TD,0.007718744872851655,0.9561521075897654,0.9999999352048242,False
FT7,Beta,ADHD vs TD,-0.0046299632094709935,0.9680228261558945,0.9999999352048242,False
FT7,Beta,COM vs TD,-0.023780357070233557,0.8320819459255325,0.9999999352048242,False
FT7,Gamma,ADHD vs TD,-1.4289308176100621,0.9999989866095013,0.9999999352048242,False
FT7,Gamma,COM vs TD,-0.28850528569516887,0.9999997860573495,0.9999999352048242,False
FT8,Delta,ADHD vs TD,0.12842242467972367,0.38468574507208153,0.9999999352048242,False
FT8,Delta,COM vs TD,0.037267971171883796,0.7950603460336001,0.9999999352048242,False
FT8,Theta,ADHD vs TD,0.10099096771148168,0.36830138473916896,0.9999999352048242,False
FT8,Theta,COM vs TD,-0.027460169036637037,0.8011219543350718,0.9999999352048242,False
FT8,Alpha,ADHD vs TD,-0.01035858921109022,0.9373260277552258,0.9999999352048242,False
FT8,Alpha,COM vs TD,-0.04690705112418308,0.7138721781847764,0.9999999352048242,False
FT8,Beta,ADHD vs TD,0.0021919453403742846,0.9852436320485793,0.9999999352048242,False
FT8,Beta,COM vs TD,-0.03133301780232508,0.7854288838784605,0.9999999352048242,False
FT8,Gamma,ADHD vs TD,0.014333682819068955,0.9265995079610494,0.9999999352048242,False
FT8,Gamma,COM vs TD,-0.064589171964277,0.6690610576996927,0.9999999352048242,False
Fp1,Delta,ADHD vs TD,0.16572556985402334,0.3869667379766548,0.9999999352048242,False
Fp1,Delta,COM vs TD,0.11106593198621852,0.550483263947545,0.9999999352048242,False
Fp1,Theta,ADHD vs TD,0.13953387597431163,0.37520504174129177,0.9999999352048242,False
Fp1,Theta,COM vs TD,0.1131804558156855,0.45887919315763004,0.9999999352048242,False
Fp1,Alpha,ADHD vs TD,0.06435546781755694,0.716939130805504,0.9999999352048242,False
Fp1,Alpha,COM vs TD,0.039756273300796674,0.8175918851316872,0.9999999352048242,False
Fp1,Beta,ADHD vs TD,0.15399911284321677,0.32762196573605074,0.9999999352048242,False
Fp1,Beta,COM vs TD,0.09384273854866708,0.5390270865248854,0.9999999352048242,False
Fp1,Gamma,ADHD vs TD,0.26266535014613446,0.12938078487578292,0.9999999352048242,False
Fp1,Gamma,COM vs TD,0.1193716664298569,0.47791138311942627,0.9999999352048242,False
Fp2,Delta,ADHD vs TD,0.2328542356239274,0.17573104147038043,0.9999999352048242,False
Fp2,Delta,COM vs TD,0.17252079752988717,0.30161174663779766,0.9999999352048242,False
Fp2,Theta,ADHD vs TD,0.1620320218784166,0.19109187047209042,0.9999999352048242,False
Fp2,Theta,COM vs TD,0.11876583428350979,0.3237668754568871,0.9999999352048242,False
Fp2,Alpha,ADHD vs TD,0.055940338051083054,0.6981607539778953,0.9999999352048242,False
Fp2,Alpha,COM vs TD,0.04538886854265839,0.7459195079173756,0.9999999352048242,False
Fp2,Beta,ADHD vs TD,0.1439238123084371,0.33705132114304504,0.9999999352048242,False
Fp2,Beta,COM vs TD,0.12115140611603133,0.40531508761621193,0.9999999352048242,False
Fp2,Gamma,ADHD vs TD,0.21797526463377717,0.17968839352637855,0.9999999352048242,False
Fp2,Gamma,COM vs TD,0.11832653354590075,0.4532879704690571,0.9999999352048242,False
Fz,Delta,ADHD vs TD,-0.15620292972119895,0.5243847305277969,0.9999999352048242,False
Fz,Delta,COM vs TD,-0.18396155822229052,0.3871010919339405,0.9999999352048242,False
Fz,Theta,ADHD vs TD,0.30406934885778136,0.45779718483059606,0.9999999352048242,False
Fz,Theta,COM vs TD,0.30226626168684306,0.3941731734517545,0.9999999352048242,False
Fz,Alpha,ADHD vs TD,0.4851871544520786,0.14587335522133182,0.9999999352048242,False
Fz,Alpha,COM vs TD,0.17137536167861178,0.553292068177399,0.9999999352048242,False
Fz,Beta,ADHD vs TD,0.5685731222066122,0.09812630994171645,0.9999999352048242,False
Fz,Beta,COM vs TD,0.2637807288632737,0.37566037167640787,0.9999999352048242,False
Fz,Gamma,ADHD vs TD,0.7775340061430454,0.9999997485523754,0.9999999352048242,False
Fz,Gamma,COM vs TD,-2.5290697674418605,0.9999990380370559,0.9999999352048242,False
O1,Delta,ADHD vs TD,0.10911518011595371,0.4252174643886616,0.9999999352048242,False
O1,Delta,COM vs TD,0.06509309319869215,0.6242689858435003,0.9999999352048242,False
O1,Theta,ADHD vs TD,0.14084570373183639,0.30656175917705775,0.9999999352048242,False
O1,Theta,COM vs TD,0.0628902322354231,0.638256289293118,0.9999999352048242,False
O1,Alpha,ADHD vs TD,0.07343484497872321,0.687382907786291,0.9999999352048242,False
O1,Alpha,COM vs TD,0.018782359761681036,0.9155946117036322,0.9999999352048242,False
O1,Beta,ADHD vs TD,0.0966650747026605,0.3733123808258373,0.9999999352048242,False
O1,Beta,COM vs TD,0.08640493612165309,0.4125075642875644,0.9999999352048242,False
O1,Gamma,ADHD vs TD,0.21461358120892896,0.036137185319014026,0.9999999352048242,False
O1,Gamma,COM vs TD,0.08416782139134708,0.39751050976498403,0.9999999352048242,False
O2,Delta,ADHD vs TD,0.031293196071103986,0.7601537421325336,0.9999999352048242,False
O2,Delta,COM vs TD,-0.10108467880276314,0.31002179246176953,0.9999999352048242,False
O2,Theta,ADHD vs TD,0.07511795976143594,0.5566968064287622,0.9999999352048242,False
O2,Theta,COM vs TD,-0.005439743567205864,0.9650413845109559,0.9999999352048242,False
O2,Alpha,ADHD vs TD,0.002204711559663831,0.9892265019878111,0.9999999352048242,False
O2,Alpha,COM vs TD,-0.03604643556646917,0.8201659633611663,0.9999999352048242,False
O2,Beta,ADHD vs TD,-0.0009865725129271346,0.9922450160834791,0.9999999352048242,False
O2,Beta,COM vs TD,-0.0627302160026695,0.5245142599965269,0.9999999352048242,False
O2,Gamma,ADHD vs TD,-3.297884505431674,0.9999977142774066,0.9999999352048242,False
O2,Gamma,COM vs TD,-4.902921104210452,0.9999964467893444,0.9999999352048242,False
Oz,Delta,ADHD vs TD,0.05485773787201452,0.6497958338576969,0.9999999352048242,False
Oz,Delta,COM vs TD,0.005069281399004024,0.9655419438788461,0.9999999352048242,False
Oz,Theta,ADHD vs TD,0.09247182520014126,0.46569300280977544,0.9999999352048242,False
Oz,Theta,COM vs TD,0.03735052939902756,0.7615680564535543,0.9999999352048242,False
Oz,Alpha,ADHD vs TD,0.016200592942016468,0.9252261983954826,0.9999999352048242,False
Oz,Alpha,COM vs TD,0.007421422360941763,0.9646890285338987,0.9999999352048242,False
Oz,Beta,ADHD vs TD,0.0945370117019605,0.3981737039877792,0.9999999352048242,False
Oz,Beta,COM vs TD,0.052665565894481944,0.6278953656439581,0.9999999352048242,False
Oz,Gamma,ADHD vs TD,0.20772699292422758,0.14014520554960183,0.9999999352048242,False
Oz,Gamma,COM vs TD,0.0765501293254821,0.5756258189535204,0.9999999352048242,False
P1,Delta,ADHD vs TD,0.008780649669544713,0.9470537969238649,0.9999999352048242,False
P1,Delta,COM vs TD,0.0216392422251477,0.8661852235650477,0.9999999352048242,False
P1,Theta,ADHD vs TD,0.11620584782471287,0.3527823535614262,0.9999999352048242,False
P1,Theta,COM vs TD,0.10430108558895781,0.390437443801558,0.9999999352048242,False
P1,Alpha,ADHD vs TD,0.05501622567835797,0.7325939411547293,0.9999999352048242,False
P1,Alpha,COM vs TD,0.0562742212592812,0.718928150065103,0.9999999352048242,False
P1,Beta,ADHD vs TD,0.05578017286688966,0.6188583866224406,0.9999999352048242,False
P1,Beta,COM vs TD,0.10614411888918426,0.3296439973825932,0.9999999352048242,False
P1,Gamma,ADHD vs TD,-0.11480846197827344,0.9999999096823999,0.9999999352048242,False
P1,Gamma,COM vs TD,2.8594548216717444,0.9999976478787724,0.9999999352048242,False
P2,Delta,ADHD vs TD,0.05444901122347094,0.7567471217779684,0.9999999352048242,False
P2,Delta,COM vs TD,0.21836928055267113,0.20082802274564449,0.9999999352048242,False
P2,Theta,ADHD vs TD,0.1267557541727674,0.49512344336000713,0.9999999352048242,False
P2,Theta,COM vs TD,0.28275239634598365,0.11709796086639718,0.9999999352048242,False
P2,Alpha,ADHD vs TD,-0.005852899854168374,0.9787912442439405,0.9999999352048242,False
P2,Alpha,COM vs TD,0.25906314265690983,0.22560668164375597,0.9999999352048242,False
P2,Beta,ADHD vs TD,0.02757172899626908,0.8441501897127783,0.9999999352048242,False
P2,Beta,COM vs TD,0.18328369983703746,0.17837732341163404,0.9999999352048242,False
P2,Gamma,ADHD vs TD,0.026584658941181363,0.81536713661649,0.9999999352048242,False
P2,Gamma,COM vs TD,0.04483613249901716,0.6851097839149831,0.9999999352048242,False
P3,Delta,ADHD vs TD,0.03960373523527482,0.7791089886697107,0.9999999352048242,False
P3,Delta,COM vs TD,0.03134514965212184,0.8191974895517031,0.9999999352048242,False
P3,Theta,ADHD vs TD,0.16108674710476142,0.2515181943375381,0.9999999352048242,False
P3,Theta,COM vs TD,0.1697752885519714,0.21331538293364727,0.9999999352048242,False
P3,Alpha,ADHD vs TD,0.09521910353890833,0.5288439710487103,0.9999999352048242,False
P3,Alpha,COM vs TD,0.11663478667786249,0.42698149363019644,0.9999999352048242,False
P3,Beta,ADHD vs TD,0.09517190393667992,0.4469517581987268,0.9999999352048242,False
P3,Beta,COM vs TD,0.14006974028735242,0.24906130941484583,0.9999999352048242,False
P3,Gamma,ADHD vs TD,0.1538179811453055,0.18399672838400716,0.9999999352048242,False
P3,Gamma,COM vs TD,0.02191794967261806,0.8454535052206289,0.9999999352048242,False
P4,Delta,ADHD vs TD,2.893081761006285,0.99999839982628,0.9999999352048242,False
P4,Delta,COM vs TD,3.353657480655849,0.9999980604405176,0.9999999352048242,False
P4,Theta,ADHD vs TD,0.12792539240640483,0.329584288039228,0.9999999352048242,False
P4,Theta,COM vs TD,0.08573142813452272,0.501084120690883,0.9999999352048242,False
P4,Alpha,ADHD vs TD,0.01682523129336642,0.9158225245978009,0.9999999352048242,False
P4,Alpha,COM vs TD,0.04063647325861442,0.7926507543993487,0.9999999352048242,False
P4,Beta,ADHD vs TD,0.06142612659850628,0.563535558928248,0.9999999352048242,False
P4,Beta,COM vs TD,0.03996110419420243,0.6988086911665077,0.9999999352048242,False
P4,Gamma,ADHD vs TD,0.12919433442837774,0.25652067175337057,0.9999999352048242,False
P4,Gamma,COM vs TD,-0.049291063527018494,0.6557990706002683,0.9999999352048242,False
P5,Delta,ADHD vs TD,0.04356932719340196,0.7594260130465549,0.9999999352048242,False
P5,Delta,COM vs TD,0.013905087483947537,0.9198401241507217,0.9999999352048242,False
P5,Theta,ADHD vs TD,0.17842040221752223,0.20392708469355658,0.9999999352048242,False
P5,Theta,COM vs TD,0.12331925901991539,0.36587637301092557,0.9999999352048242,False
P5,Alpha,ADHD vs TD,0.12905338213672332,0.4354973287546423,0.9999999352048242,False
P5,Alpha,COM vs TD,0.08786258225328694,0.584579075843791,0.9999999352048242,False
P5,Beta,ADHD vs TD,0.13636939085162228,0.28809180674665824,0.9999999352048242,False
P5,Beta,COM vs TD,0.15578293305138782,0.21140112373665598,0.9999999352048242,False
P5,Gamma,ADHD vs TD,0.22828723496418296,0.02551464455008909,0.9999999352048242,False
P5,Gamma,COM vs TD,0.0707197754137982,0.4762068036333815,0.9999999352048242,False
P6,Delta,ADHD vs TD,-0.07149709658155856,0.5871628579964192,0.9999999352048242,False
P6,Delta,COM vs TD,0.0176504218208391,0.8902335944791739,0.9999999352048242,False
P6,Theta,ADHD vs TD,0.046837052847821234,0.7119068154451018,0.9999999352048242,False
P6,Theta,COM vs TD,0.09336626442602591,0.4484194715570191,0.9999999352048242,False
P6,Alpha,ADHD vs TD,-0.018753492289146727,0.9095436035170847,0.9999999352048242,False
P6,Alpha,COM vs TD,0.04762765795356105,0.7663738508557203,0.9999999352048242,False
P6,Beta,ADHD vs TD,-0.01999032990089326,0.8503032640199827,0.9999999352048242,False
P6,Beta,COM vs TD,0.041861782790143576,0.6840142531454532,0.9999999352048242,False
P6,Gamma,ADHD vs TD,-2.7897084048027474,0.9999977315264523,0.9999999352048242,False
P6,Gamma,COM vs TD,1.062743523744302,0.9999990963893358,0.9999999352048242,False
P7,Delta,ADHD vs TD,0.10236948216720203,0.46896271831965364,0.9999999352048242,False
P7,Delta,COM vs TD,0.05205189512178629,0.7045776009222535,0.9999999352048242,False
P7,Theta,ADHD vs TD,0.18409895295622103,0.1914779906020484,0.9999999352048242,False
P7,Theta,COM vs TD,0.09743446095909582,0.4765334432460271,0.9999999352048242,False
P7,Alpha,ADHD vs TD,0.12275662381580964,0.47219602151854734,0.9999999352048242,False
P7,Alpha,COM vs TD,0.04255121473727383,0.7974836836936037,0.9999999352048242,False
P7,Beta,ADHD vs TD,0.13484749380403302,0.3081832816385611,0.9999999352048242,False
P7,Beta,COM vs TD,0.1491568930753153,0.2457346636356904,0.9999999352048242,False
P7,Gamma,ADHD vs TD,0.23872594838995648,0.0603025739330416,0.9999999352048242,False
P7,Gamma,COM vs TD,0.10711762363629031,0.3854198578029462,0.9999999352048242,False
P8,Delta,ADHD vs TD,2.854202401372209,0.9999982341752176,0.9999999352048242,False
P8,Delta,COM vs TD,2.9311167260962976,0.9999981038446041,0.9999999352048242,False
P8,Theta,ADHD vs TD,0.10134254734401528,0.3492765627119161,0.9999999352048242,False
P8,Theta,COM vs TD,0.04644205861677098,0.6587289098504611,0.9999999352048242,False
P8,Alpha,ADHD vs TD,0.017279384384508226,0.9119785724701577,0.9999999352048242,False
P8,Alpha,COM vs TD,-0.010730486908507612,0.9436473335741286,0.9999999352048242,False
P8,Beta,ADHD vs TD,0.03967890066059667,0.6700756578113629,0.9999999352048242,False
P8,Beta,COM vs TD,-0.010995148219497895,0.9032394576671128,0.9999999352048242,False
P8,Gamma,ADHD vs TD,0.14430443718899,0.06893642776038543,0.9999999352048242,False
P8,Gamma,COM vs TD,-0.03628915740707397,0.6377427906700639,0.9999999352048242,False
PO3,Delta,ADHD vs TD,0.04608096760402958,0.7635509913631596,0.9999999352048242,False
PO3,Delta,COM vs TD,0.0065945109111620395,0.9646426971309399,0.9999999352048242,False
PO3,Theta,ADHD vs TD,0.12824021085384066,0.4469789479784876,0.9999999352048242,False
PO3,Theta,COM vs TD,0.11497645341748321,0.48260929809014963,0.9999999352048242,False
PO3,Alpha,ADHD vs TD,0.020963358504293175,0.8983987769549872,0.9999999352048242,False
PO3,Alpha,COM vs TD,0.04841005785461678,0.7614090304344729,0.9999999352048242,False
PO3,Beta,ADHD vs TD,-0.015093597363776343,0.9019088360780807,0.9999999352048242,False
PO3,Beta,COM vs TD,-0.008243653279979208,0.9447343454493707,0.9999999352048242,False
PO3,Gamma,ADHD vs TD,0.04167647519828234,0.6801630584089429,0.9999999352048242,False
PO3,Gamma,COM vs TD,-0.07181979268626404,0.46449916885860265,0.9999999352048242,False
PO4,Delta,ADHD vs TD,0.03675024168207792,0.7357557834762378,0.9999999352048242,False
PO4,Delta,COM vs TD,-0.0294750205747546,0.7804957695941828,0.9999999352048242,False
PO4,Theta,ADHD vs TD,0.061808070943678586,0.6458817468457131,0.9999999352048242,False
PO4,Theta,COM vs TD,0.014958886947611553,0.9088295103025809,0.9999999352048242,False
PO4,Alpha,ADHD vs TD,-0.02490374209481458,0.8912292840466323,0.9999999352048242,False
PO4,Alpha,COM vs TD,-0.02713789743497759,0.8780491481795756,0.9999999352048242,False
PO4,Beta,ADHD vs TD,0.055772884168355116,0.6537625048649192,0.9999999352048242,False
PO4,Beta,COM vs TD,-0.002993542657825587,0.9802209251468433,0.9999999352048242,False
PO4,Gamma,ADHD vs TD,0.1693187568706779,0.205088474892676,0.9999999352048242,False
PO4,Gamma,COM vs TD,-0.02229915363120909,0.8635646410361164,0.9999999352048242,False
PO7,Delta,ADHD vs TD,0.05292279487204047,0.6840116838642769,0.9999999352048242,False
PO7,Delta,COM vs TD,0.026588090471680804,0.8332499746157174,0.9999999352048242,False
PO7,Theta,ADHD vs TD,0.157783519752377,0.21680623575159907,0.9999999352048242,False
PO7,Theta,COM vs TD,0.06217971188109663,0.6162334163809449,0.9999999352048242,False
PO7,Alpha,ADHD vs TD,0.07598487067197472,0.652283807811441,0.9999999352048242,False
PO7,Alpha,COM vs TD,-0.010981537008670618,0.9465358084289949,0.9999999352048242,False
PO7,Beta,ADHD vs TD,0.0587479558909211,0.6141667536479798,0.9999999352048242,False
PO7,Beta,COM vs TD,0.07550167328946233,0.5046368550228353,0.9999999352048242,False
PO7,Gamma,ADHD vs TD,0.14027034019566367,0.15721418161532255,0.9999999352048242,False
PO7,Gamma,COM vs TD,0.031177319472443517,0.7461524266096816,0.9999999352048242,False
PO8,Delta,ADHD vs TD,1.374042309891366,0.9999991557348894,0.9999999352048242,False
PO8,Delta,COM vs TD,-0.2079958438614311,0.9999998663677239,0.9999999352048242,False
PO8,Theta,ADHD vs TD,0.055813188426807554,0.6183545512935247,0.9999999352048242,False
PO8,Theta,COM vs TD,-0.013175729588203173,0.9036131073984197,0.9999999352048242,False
PO8,Alpha,ADHD vs TD,-0.019063810254190322,0.9023896498639117,0.9999999352048242,False
PO8,Alpha,COM vs TD,-0.060381569587508045,0.6891615943981153,0.9999999352048242,False
PO8,Beta,ADHD vs TD,-0.008509021412553518,0.9237657132323542,0.9999999352048242,False
PO8,Beta,COM vs TD,-0.08268762091085324,0.3382916269534759,0.9999999352048242,False
PO8,Gamma,ADHD vs TD,-3.124985706117779,0.9999977241001757,0.9999999352048242,False
PO8,Gamma,COM vs TD,-2.1573822624192176,0.9999983571035812,0.9999999352048242,False
POz,Delta,ADHD vs TD,0.05567804520382205,0.6288148527966576,0.9999999352048242,False
POz,Delta,COM vs TD,0.004372557723192857,0.9688212462920505,0.9999999352048242,False
POz,Theta,ADHD vs TD,0.10894318178400193,0.35822503172920406,0.9999999352048242,False
POz,Theta,COM vs TD,0.018189026764383425,0.8744922294328842,0.9999999352048242,False
POz,Alpha,ADHD vs TD,-0.013195578097801872,0.9387872146038158,0.9999999352048242,False
POz,Alpha,COM vs TD,-0.07130646471055936,0.6691554371902732,0.9999999352048242,False
POz,Beta,ADHD vs TD,0.05231144698120038,0.5752884244984031,0.9999999352048242,False
POz,Beta,COM vs TD,-0.02144749727692929,0.8130064030469129,0.9999999352048242,False
POz,Gamma,ADHD vs TD,-0.6586620926243527,0.9999995057412833,0.9999999352048242,False
POz,Gamma,COM vs TD,-5.377287647294967,0.999995780772835,0.9999999352048242,False
Pz,Delta,ADHD vs TD,-0.01340829564693736,0.9145181688415599,0.9999999352048242,False
Pz,Delta,COM vs TD,0.010586359474803887,0.9304647020399416,0.9999999352048242,False
Pz,Theta,ADHD vs TD,0.04341627271331383,0.7313508244102092,0.9999999352048242,False
Pz,Theta,COM vs TD,0.039635535538855945,0.7468797281726267,0.9999999352048242,False
Pz,Alpha,ADHD vs TD,-0.014514404387292533,0.9292260735055826,0.9999999352048242,False
Pz,Alpha,COM vs TD,0.008524236461073531,0.957162374669718,0.9999999352048242,False
Pz,Beta,ADHD vs TD,-0.04368398516272811,0.7002390898162401,0.9999999352048242,False
Pz,Beta,COM vs TD,0.03084196059889201,0.7795450173844404,0.9999999352048242,False
Pz,Gamma,ADHD vs TD,-4.0997141223556355,0.9999967418516509,0.9999999352048242,False
Pz,Gamma,COM vs TD,-1.6057178391228044,0.9999986656662068,0.9999999352048242,False
T7,Delta,ADHD vs TD,0.10937042501278599,0.3230738242199924,0.9999999352048242,False
T7,Delta,COM vs TD,0.0976635510361597,0.36361200898755575,0.9999999352048242,False
T7,Theta,ADHD vs TD,0.13638446091009632,0.2840105112338974,0.9999999352048242,False
T7,Theta,COM vs TD,0.11907745004778311,0.335426958029844,0.9999999352048242,False
T7,Alpha,ADHD vs TD,0.08654288807029999,0.5994742521471232,0.9999999352048242,False
T7,Alpha,COM vs TD,0.10414469602217194,0.5151881885509944,0.9999999352048242,False
T7,Beta,ADHD vs TD,0.10356326672402347,0.3916524077476319,0.9999999352048242,False
T7,Beta,COM vs TD,0.11675872877224235,0.3199617010406429,0.9999999352048242,False
T7,Gamma,ADHD vs TD,-3.095254431103483,0.9999978676013846,0.9999999352048242,False
T7,Gamma,COM vs TD,-3.0193716989003527,0.9999978249632967,0.9999999352048242,False
T8,Delta,ADHD vs TD,-0.9568896512292748,0.9999994095399178,0.9999999352048242,False
T8,Delta,COM vs TD,0.11190088239229834,0.9999999277995062,0.9999999352048242,False
T8,Theta,ADHD vs TD,0.019710401278077515,0.8592493021031531,0.9999999352048242,False
T8,Theta,COM vs TD,-0.07372321655213744,0.4946225891167435,0.9999999352048242,False
T8,Alpha,ADHD vs TD,-0.028553236331683617,0.8680727832432928,0.9999999352048242,False
T8,Alpha,COM vs TD,-0.04986934603676323,0.7651387342415208,0.9999999352048242,False
T8,Beta,ADHD vs TD,-0.045015137829589255,0.6628002769466439,0.9999999352048242,False
T8,Beta,COM vs TD,-0.048418462386276104,0.6291168447306896,0.9999999352048242,False
T8,Gamma,ADHD vs TD,0.07410424841046698,0.5500364729028986,0.9999999352048242,False
T8,Gamma,COM vs TD,-0.10217835623200804,0.39611751073641377,0.9999999352048242,False
TP7,Delta,ADHD vs TD,0.13880303153284682,0.28047303600346973,0.9999999352048242,False
TP7,Delta,COM vs TD,0.1061606684110866,0.3953761427512431,0.9999999352048242,False
TP7,Theta,ADHD vs TD,0.08578369385605102,0.5102270204162274,0.9999999352048242,False
TP7,Theta,COM vs TD,0.0781156003314901,0.5369197494262602,0.9999999352048242,False
TP7,Alpha,ADHD vs TD,0.0005901973787235172,0.9972064071038472,0.9999999352048242,False
TP7,Alpha,COM vs TD,0.09775845356275473,0.5503782237968006,0.9999999352048242,False
TP7,Beta,ADHD vs TD,0.043414073467267986,0.7268394456801162,0.9999999352048242,False
TP7,Beta,COM vs TD,0.103170876976467,0.39260064605690215,0.9999999352048242,False
TP7,Gamma,ADHD vs TD,0.1171231873661781,0.1956341801520397,0.9999999352048242,False
TP7,Gamma,COM vs TD,0.038500555957863634,0.6613921596894131,0.9999999352048242,False
TP8,Delta,ADHD vs TD,1.4979988564894229,0.9999990295251812,0.9999999352048242,False
TP8,Delta,COM vs TD,-1.9548019930573597,0.9999986758001493,0.9999999352048242,False
TP8,Theta,ADHD vs TD,-0.015929446538889776,0.8654545209207536,0.9999999352048242,False
TP8,Theta,COM vs TD,-0.03678290245860428,0.6870543370742201,0.9999999352048242,False
TP8,Alpha,ADHD vs TD,-0.09949571968211487,0.521978415637852,0.9999999352048242,False
TP8,Alpha,COM vs TD,-0.08717609482562404,0.5634628119090328,0.9999999352048242,False
TP8,Beta,ADHD vs TD,-0.005491798399265205,0.9623299649058751,0.9999999352048242,False
TP8,Beta,COM vs TD,-0.030041785371608207,0.7901960511675925,0.9999999352048242,False
TP8,Gamma,ADHD vs TD,0.14271066507307417,0.31778651881935727,0.9999999352048242,False
TP8,Gamma,COM vs TD,-0.03369287522002872,0.8081121225091371,0.9999999352048242,False
