pair,freq_band,ch1,ch2,t_value,component_p
adhd_vs_td,gamma,F1,CP4,4.744371905469068,0.03365544818393869
com_vs_td,gamma,CP5,PO4,4.579616814404497,0.032322559146951015
adhd_vs_td,gamma,CP5,PO8,4.5609830503551505,0.03365544818393869
adhd_vs_td,gamma,CP5,P8,4.298835292940978,0.03365544818393869
adhd_vs_td,gamma,CP6,F1,4.256968297749287,0.03365544818393869
com_vs_td,gamma,FC5,F8,4.156351224905812,0.032322559146951015
com_vs_td,gamma,C4,F1,4.126312124937488,0.032322559146951015
com_vs_td,gamma,CP5,P2,4.0940592220181555,0.032322559146951015
adhd_vs_td,gamma,CP5,P6,4.0169706297566785,0.03365544818393869
com_vs_td,gamma,TP7,CP4,3.96235274294091,0.032322559146951015
adhd_vs_td,gamma,CP3,P6,3.9354456500740733,0.03365544818393869
adhd_vs_td,gamma,C4,F1,3.8943327686530465,0.03365544818393869
com_vs_td,gamma,CP5,PO8,3.8881812585131725,0.032322559146951015
adhd_vs_td,gamma,CP5,F1,3.8736503985259763,0.03365544818393869
com_vs_td,gamma,TP7,TP8,3.7472479985790175,0.032322559146951015
com_vs_td,gamma,CP6,CP3,3.736571299723799,0.032322559146951015
com_vs_td,gamma,Fp1,F9,3.6973985110438803,0.032322559146951015
com_vs_td,gamma,CP1,CP4,3.6883136265682874,0.032322559146951015
adhd_vs_td,gamma,P8,CP3,3.676054975956048,0.03365544818393869
com_vs_td,gamma,P4,CP3,3.6437059244453236,0.032322559146951015
adhd_vs_td,gamma,P8,F4,3.586237127982898,0.03365544818393869
com_vs_td,gamma,CP5,O2,3.5808411825475885,0.032322559146951015
adhd_vs_td,gamma,F1,C6,3.576969056448232,0.03365544818393869
adhd_vs_td,gamma,CP5,AF3,3.575756582355082,0.03365544818393869
com_vs_td,gamma,TP7,FCz,3.565950083745559,0.032322559146951015
com_vs_td,gamma,P2,AF4,3.5631069097914674,0.032322559146951015
com_vs_td,gamma,F8,FT7,3.559945507940346,0.032322559146951015
com_vs_td,gamma,P1,FC4,3.559206163675119,0.032322559146951015
adhd_vs_td,gamma,CP6,AF3,3.546725779108207,0.03365544818393869
com_vs_td,gamma,FC6,CP4,3.5438221802945007,0.032322559146951015
com_vs_td,gamma,T8,P5,3.5269139939459517,0.032322559146951015
adhd_vs_td,gamma,CP6,CP3,3.5240773536421126,0.03365544818393869
com_vs_td,gamma,CP5,F8,3.5117615078266007,0.032322559146951015
adhd_vs_td,gamma,P4,CP3,3.5103019333473697,0.03365544818393869
adhd_vs_td,gamma,Cz,CP4,3.4863637948133066,0.03365544818393869
adhd_vs_td,gamma,F1,TP8,3.4759476957068,0.03365544818393869
com_vs_td,gamma,T8,TP7,3.457373532942559,0.032322559146951015
com_vs_td,gamma,P5,TP8,3.4551801064831937,0.032322559146951015
adhd_vs_td,gamma,CP5,P2,3.4549910357447757,0.03365544818393869
adhd_vs_td,gamma,CP6,F4,3.436936449222506,0.03365544818393869
adhd_vs_td,gamma,CP6,FC4,3.4278239052962998,0.03365544818393869
com_vs_td,gamma,PO4,TP8,3.4052577134334165,0.032322559146951015
com_vs_td,gamma,P7,T8,3.4032856022168407,0.032322559146951015
com_vs_td,gamma,P7,CP4,3.3739759692988525,0.032322559146951015
adhd_vs_td,gamma,CP4,FC4,3.3564546688229204,0.03365544818393869
com_vs_td,gamma,FC1,FC6,3.351178729641896,0.032322559146951015
adhd_vs_td,gamma,CP3,PO8,3.350401757725186,0.03365544818393869
com_vs_td,gamma,CP6,F8,3.3491287150704534,0.032322559146951015
com_vs_td,gamma,POz,F6,3.3321965069609947,0.032322559146951015
com_vs_td,gamma,POz,AF4,3.3205368217328597,0.032322559146951015
com_vs_td,gamma,CP6,TP7,3.3184797092549703,0.032322559146951015
adhd_vs_td,gamma,P8,AF4,3.317485913432617,0.03365544818393869
com_vs_td,gamma,P4,Fp2,3.3128041082331947,0.032322559146951015
adhd_vs_td,gamma,CP5,PO4,3.2898940532934517,0.03365544818393869
com_vs_td,gamma,F8,F4,3.287035270752895,0.032322559146951015
com_vs_td,gamma,Fp1,AF3,3.2845019342385346,0.032322559146951015
com_vs_td,gamma,FC5,CP6,3.2687171841900247,0.032322559146951015
com_vs_td,gamma,P7,C4,3.247596008973075,0.032322559146951015
com_vs_td,gamma,F8,C5,3.243393576062981,0.032322559146951015
com_vs_td,gamma,T8,F1,3.233343170287992,0.032322559146951015
com_vs_td,gamma,C3,P8,3.228958319925255,0.032322559146951015
com_vs_td,gamma,FC6,P1,3.228105786516727,0.032322559146951015
adhd_vs_td,gamma,CP6,PO8,3.2276470522208958,0.03365544818393869
adhd_vs_td,gamma,P4,P5,3.226799250884885,0.03365544818393869
com_vs_td,gamma,C1,TP7,3.2200040579279254,0.032322559146951015
adhd_vs_td,gamma,CP5,AF8,3.216153400898202,0.03365544818393869
adhd_vs_td,gamma,TP8,AF4,3.210634586204801,0.03365544818393869
adhd_vs_td,gamma,CP5,O2,3.2078975012070314,0.03365544818393869
com_vs_td,gamma,FC3,CP4,3.199408747185593,0.032322559146951015
adhd_vs_td,gamma,FC1,FC6,3.181361452416263,0.03365544818393869
adhd_vs_td,gamma,FC6,CP4,3.174430138346906,0.03365544818393869
com_vs_td,gamma,F1,C6,3.1715606778771317,0.032322559146951015
com_vs_td,gamma,CP6,FC3,3.1708789087473916,0.032322559146951015
adhd_vs_td,gamma,CP2,F1,3.164631636061125,0.03365544818393869
com_vs_td,gamma,FT7,C2,3.160455112603272,0.032322559146951015
com_vs_td,gamma,TP8,F6,3.158648653348189,0.032322559146951015
com_vs_td,gamma,T8,PO4,3.1552361224006296,0.032322559146951015
com_vs_td,gamma,FC5,CP4,3.129660133020847,0.032322559146951015
com_vs_td,gamma,C3,P4,3.1110077448196973,0.032322559146951015
com_vs_td,gamma,F1,CP4,3.09335494248824,0.032322559146951015
com_vs_td,gamma,FC5,C2,3.0898083916291483,0.032322559146951015
com_vs_td,gamma,C1,C5,3.0855033468502504,0.032322559146951015
com_vs_td,gamma,CP6,AF3,3.080687124048493,0.032322559146951015
com_vs_td,gamma,CP3,P6,3.0800980507081652,0.032322559146951015
adhd_vs_td,gamma,TP7,P6,3.077203271923905,0.03365544818393869
adhd_vs_td,gamma,C3,P7,3.064713737799367,0.03365544818393869
adhd_vs_td,gamma,F3,P7,3.062392135873118,0.03365544818393869
com_vs_td,gamma,F4,POz,3.059378255079373,0.032322559146951015
adhd_vs_td,gamma,P5,PO7,3.0451170796816793,0.03365544818393869
com_vs_td,gamma,POz,F2,3.0430108283635544,0.032322559146951015
com_vs_td,gamma,CP5,FT8,3.0423667644801995,0.032322559146951015
adhd_vs_td,gamma,CP5,TP8,3.0340064261306035,0.03365544818393869
com_vs_td,gamma,AF3,FC4,3.027891038711882,0.032322559146951015
adhd_vs_td,gamma,F3,P5,3.0267384968155,0.03365544818393869
com_vs_td,gamma,CP5,P4,3.02268180625432,0.032322559146951015
com_vs_td,gamma,FC5,C4,3.0223844352494513,0.032322559146951015
com_vs_td,gamma,CP3,PO8,3.020092183636124,0.032322559146951015
com_vs_td,gamma,FC5,F6,3.0141581906244426,0.032322559146951015
adhd_vs_td,gamma,P4,C4,3.012170360660967,0.03365544818393869
adhd_vs_td,gamma,CP5,FC6,3.0090034198724855,0.03365544818393869
adhd_vs_td,gamma,P3,FC6,3.0073452123414883,0.03365544818393869
com_vs_td,gamma,Fp1,CP6,3.001612202907789,0.032322559146951015
adhd_vs_td,gamma,T7,CP6,3.0014961627633783,0.03365544818393869
