metric,freq_band,test,statistic,p,effect_size,es_name,all_normal,is_homogeneous,p_fdr,significant
between_prefrontal_left_pot,delta,Kruskal-Wallis,0.6172268907563137,0.7344646258555422,-0.044605584169151176,ε²,False,True,0.8557594990946096,False
between_prefrontal_left_pot,theta,ANOVA,0.23854110385704666,0.7892089394337122,0.015156494003029746,η²,True,True,0.8844582941929533,False
between_prefrontal_left_pot,alpha,ANOVA,0.0835064949611741,0.9200913196606225,0.005358646013859289,η²,True,True,0.9344677465303197,False
between_prefrontal_left_pot,beta,Kruskal-Wallis,2.0936374549820016,0.3510527691031082,0.0030205630639355357,ε²,False,True,0.777188109944333,False
between_prefrontal_left_pot,gamma,ANOVA,1.9633744289176303,0.15745438241276122,0.11242812418122759,η²,True,True,0.7752809772199897,False
within_central_L,delta,ANOVA,0.558819515722587,0.5775375900922137,0.0347982935592163,η²,True,True,0.8557594990946096,False
within_central_L,theta,Kruskal-Wallis,0.8535414165666282,0.6526131738687118,-0.03698253494946361,ε²,False,True,0.8557594990946096,False
within_central_L,alpha,Kruskal-Wallis,1.8696278511404643,0.39265892251939,-0.004205553189017282,ε²,False,True,0.786900791094151,False
within_central_L,beta,Kruskal-Wallis,3.7418967587034757,0.1539775634059594,0.056190218022692764,ε²,False,True,0.7752809772199897,False
within_central_L,gamma,ANOVA,1.0599314208163595,0.35870220458969215,0.06400578564498124,η²,True,True,0.777188109944333,False
within_central_R,delta,ANOVA,0.858490138134743,0.43363214183613497,0.05247979067049952,η²,True,True,0.786900791094151,False
within_central_R,theta,Kruskal-Wallis,0.18271308523409857,0.9126922392009229,-0.05862215854083553,ε²,False,True,0.9344677465303197,False
within_central_R,alpha,Kruskal-Wallis,2.507142857142867,0.28548339046849436,0.016359447004608608,ε²,False,True,0.7752809772199897,False
within_central_R,beta,Kruskal-Wallis,3.231392557022801,0.19875223534115902,0.03972234054912261,ε²,False,True,0.7752809772199897,False
within_central_R,gamma,ANOVA,2.037626149321967,0.14743269296280262,0.11618597248982554,η²,True,True,0.7752809772199897,False
within_frontal_L,delta,ANOVA,0.8242931545834905,0.44792814262282443,0.05049487575221874,η²,True,True,0.786900791094151,False
within_frontal_L,theta,ANOVA,0.3349038338455432,0.7179631480888562,0.021149723254379322,η²,True,True,0.8557594990946096,False
within_frontal_L,alpha,ANOVA,1.8926693034516324,0.16767356900065505,0.10881994422075439,η²,True,True,0.7752809772199897,False
within_frontal_L,beta,ANOVA,0.5813488880661091,0.5651229861578527,0.036150505291103245,η²,True,True,0.8557594990946096,False
within_frontal_L,gamma,Kruskal-Wallis,2.6959783913565474,0.25976206653130895,0.022450915850211205,ε²,False,True,0.7752809772199897,False
within_frontal_R,delta,ANOVA,1.6987213988130527,0.199503637902641,0.0987702143329265,η²,True,True,0.7752809772199897,False
within_frontal_R,theta,ANOVA,1.1818841571512668,0.3201417065755486,0.07084836137317353,η²,True,True,0.777188109944333,False
within_frontal_R,alpha,ANOVA,0.8382825634626108,0.44202016204243283,0.0513078752437092,η²,True,True,0.786900791094151,False
within_frontal_R,beta,Kruskal-Wallis,4.312364945978402,0.1157662192190635,0.07459241761220652,ε²,False,True,0.7752809772199897,False
within_frontal_R,gamma,ANOVA,1.3027216417331404,0.2862575915889193,0.07753039474852431,η²,True,True,0.7752809772199897,False
within_left_pot,delta,ANOVA,0.06537787521086842,0.936842236173659,0.004200211246717475,η²,True,True,0.936842236173659,False
within_left_pot,theta,Kruskal-Wallis,0.3640456182473031,0.8335823269165271,-0.05277272199202248,ε²,False,True,0.9159925033297163,False
within_left_pot,alpha,ANOVA,0.3078181231059028,0.7372697222968945,0.019472524336294886,η²,True,True,0.8557594990946096,False
within_left_pot,beta,Kruskal-Wallis,4.008703481392558,0.1347476187859771,0.06479688649653415,ε²,False,True,0.7752809772199897,False
within_left_pot,gamma,ANOVA,1.207767392018998,0.31254014306859473,0.07228777871278762,η²,True,True,0.777188109944333,False
within_posterior_L,delta,ANOVA,0.41665241057527796,0.6628869545666967,0.026177138246635912,η²,True,True,0.8557594990946096,False
within_posterior_L,theta,ANOVA,0.3200355697455319,0.7284936312680665,0.020229762969532872,η²,True,True,0.8557594990946096,False
within_posterior_L,alpha,Welch's ANOVA,2.806551736987056,0.24579046642795943,0.06159380879389881,η²,True,False,0.7752809772199897,False
within_posterior_L,beta,Kruskal-Wallis,1.7570828331332535,0.4153883485977973,-0.007836037640862789,ε²,False,True,0.786900791094151,False
within_posterior_L,gamma,Kruskal-Wallis,4.606242496998803,0.09994639882003234,0.08407233861286462,ε²,False,True,0.7752809772199897,False
within_posterior_R,delta,ANOVA,0.3856462250742633,0.6832278804448777,0.02427639515637424,η²,True,True,0.8557594990946096,False
within_posterior_R,theta,ANOVA,4.2861236329705195,0.022727422528410864,0.21662270551207682,η²,True,True,0.7752809772199897,False
within_posterior_R,alpha,Kruskal-Wallis,0.8569027611044504,0.6515172661938475,-0.0368741044805016,ε²,False,True,0.8557594990946096,False
within_posterior_R,beta,ANOVA,2.450027557717273,0.10283287236592203,0.13649157639671314,η²,True,True,0.7752809772199897,False
within_posterior_R,gamma,ANOVA,0.3289316701148244,0.7221733440115008,0.020780408745831633,η²,True,True,0.8557594990946096,False
within_prefrontal,delta,Kruskal-Wallis,3.3199279711884913,0.19014582796720972,0.04257832165124165,ε²,False,True,0.7752809772199897,False
within_prefrontal,theta,Kruskal-Wallis,0.696158463385359,0.706042933021489,-0.0420594044069239,ε²,False,True,0.8557594990946096,False
within_prefrontal,alpha,ANOVA,1.6365383493340773,0.21102471150043137,0.09549993796720778,η²,True,True,0.7752809772199897,False
within_prefrontal,beta,Kruskal-Wallis,2.5767707082833198,0.27571560693944247,0.018605506718816767,ε²,False,True,0.7752809772199897,False
within_prefrontal,gamma,ANOVA,1.1206974405113548,0.3389050522990779,0.06742782272058956,η²,True,True,0.777188109944333,False
